Name,Term,ES,NES,NOM p-val,FDR q-val,FWER p-val,Tag %,Gene %,Lead_genes
prerank,HALLMARK_HYPOXIA,0.5111588646895135,2.018624872925987,0.0,0.0,0.0,57/192,3.35%,MT1E;VEGFA;SRPX;ADM;GAPDH;AKAP12;PGK1;ENO1;CA12;IRS2;PLIN2;PFKP;SLC2A1;ENO2;LDHA;TPI1;GBE1;AK4;FAM162A;GPI;MIF;BHLHE40;HK2;CAV1;BNIP3L;ALDOC;DTNA;ERO1A;P4HA1;SERPINE1;PPP1R3C;MAFF;PPP1R15A;NDRG1;DDIT3;KLF6;SLC2A3;PPFIA4;DDIT4;LOX;CP;RORA;VLDLR;BTG1;HMOX1;PDK1;PNRC1;HDLBP;FOXO3;SAP30;WSB1;JUN;MXI1;CITED2;ALDOA;F3;RBPJ
prerank,HALLMARK_OXIDATIVE_PHOSPHORYLATION,-0.5934332353338598,-1.4643251275538531,0.0,0.01433188997987437,0.015,110/200,19.13%,COX6C;COX5B;NDUFB2;UQCRQ;UQCR11;ATP5MC1;NDUFS8;COX6A1;ATP5MF;SLC25A6;COX7A2;NDUFB1;NDUFA1;ACADVL;TCIRG1;ATP6V0B;NDUFB8;NDUFA6;TIMM13;ATP5F1D;UQCR10;TIMM8B;COX7C;CS;SLC25A11;ATP5MC3;TIMM10;MRPS11;DECR1;IDH2;POLR2F;ISCU;ATP5MG;ETFA;NDUFS6;OGDH;POR;FDX1;ATP5F1B;NDUFA4;COX6B1;ATP5F1C;HSD17B10;BAX;ATP5F1E;DLD;COX8A;COX5A;NDUFA3;COX17;MTX2;ATP6V1H;COX7B;NDUFC2;ATP6V1E1;RHOT2;MRPS15;ATP6AP1;HADHA;HTRA2;DLST;TIMM17A;MGST3;TOMM70;ATP1B1;ECI1;ACO2;NDUFA7;PRDX3;SDHA;GOT2;SUCLG1;NDUFS2;SUCLA2;GPX4;ATP5F1A;BDH2;MRPL35;NDUFA5;SDHC;ATP5PD;MRPS12;SDHB;NNT;ATP5ME;PDHA1;NDUFB7;NDUFA2;ALAS1;RETSAT;COX4I1;VDAC3;CYB5R3;NDUFA9;DLAT;MTRR;OAT;NDUFS7;MAOB;MDH1;MDH2;SLC25A5;ACADM;UQCRFS1;MRPS22;PDP1;ACAT1;IDH3G;FH;IMMT
prerank,HALLMARK_COAGULATION,-0.5948843251661917,-1.4307286540409407,0.0,0.01433188997987437,0.029,42/118,10.59%,SPARC;CLU;TIMP1;C3;A2M;VWF;SERPING1;FN1;S100A13;CFH;CFB;CAPN5;PRSS23;PECAM1;APOC2;CRIP2;C1QA;FBN1;CFI;HTRA1;FURIN;MMP14;APOC1;ISCU;CPQ;BMP1;THBS1;MMP11;MMP9;OLR1;PEF1;C1S;SIRT2;CFD;PLAT;LGMN;C1R;GNG12;MMP2;GNB2;PDGFB;DUSP14
prerank,HALLMARK_DNA_REPAIR,-0.5697775315376137,-1.3972640488943955,0.0,0.018790700195835282,0.055,83/149,22.88%,NME3;NME1;POLD4;ADRM1;HCLS1;APRT;VPS28;TP53;PNP;TAF10;ERCC2;POLR2F;PDE4B;SRSF6;POLR2G;TMED2;TK2;DDB1;SEC61A1;POLR2J;TAF1C;COX17;NME4;RFC2;POLR3GL;MRPL40;NUDT9;TARBP2;TAF12;GTF2B;ERCC3;NT5C;EDF1;GUK1;GTF2A2;NT5C3A;ITPA;GPX4;GTF2H3;SF3A3;RBX1;POLR2A;GMPR2;SSRP1;DGCR8;POLR2C;ADCY6;TYMS;CANT1;NELFB;POM121;BRF2;AAAS;SUPT4H1;ERCC5;CSTF3;POLD1;POLB;RPA2;SMAD5;POLR2D;POLL;POLR2E;ADA;POLE4;XPC;RPA3;PCNA;RAE1;NELFCD;GSDME;VPS37B;ELL;POLA1;SNAPC5;FEN1;BCAM;AGO4;DDB2;MPG;MPC2;DGUOK;RAD52
prerank,HALLMARK_APICAL_JUNCTION,-0.5308259118123775,-1.3020689393424716,0.003003003003003003,0.1256429021568986,0.397,96/192,28.31%,THY1;PFN1;VWF;SHC1;MYL9;EVL;NECTIN2;MDK;TNFRSF11B;CD276;LAMB3;YWHAH;PECAM1;FBN1;SIRPA;PARVA;FSCN1;CDH6;INPPL1;SYMPK;CX3CL1;CLDN5;VASP;TUBG1;ITGA10;PTEN;MPZL1;CLDN11;SKAP2;BMP1;IKBKG;MSN;AMIGO2;NF2;ACTB;TRO;MMP9;CERCAM;TAOK2;B4GALT1;RRAS;MYL12B;RASA1;MMP2;RSU1;ADAM15;HADH;EPB41L2;TSPAN4;WASL;ARHGEF6;MYH10;PBX2;VAV2;JUP;MPZL2;CD34;PTPRC;TJP1;VCAM1;MAP4K2;ICAM2;PIK3R3;MVD;DHX16;MAPK11;ACTG2;NLGN3;PCDH1;FYB1;CRAT;LDLRAP1;CTNND1;MAPK14;SDC3;INSIG1;CLDN7;EXOC4;LAYN;NLGN2;CD86;CADM2;ADAMTS5;SORBS3;PTK2;JAM3;ACTN1;PIK3CB;CDH11;ADAM9;LIMA1;ITGA3;ITGB1;VCAN;PLCG1;SYK
prerank,HALLMARK_HEDGEHOG_SIGNALING,0.4328396208044465,1.300523533689909,0.0425531914893617,0.0927070457354759,0.05,8/35,2.29%,VEGFA;NRCAM;NRP2;DPYSL2;HEY1;NRP1;RTN1;VLDLR
prerank,HALLMARK_TGF_BETA_SIGNALING,-0.5709363946955961,-1.2951703586693912,0.028272251308900525,0.11350856864060499,0.43,19/53,10.72%,ENG;ID3;SLC20A1;TGFB1;SPTBN1;PPP1CA;LTBP2;FURIN;IFNGR2;NCOR2;JUNB;SMAD1;SKIL;ID1;THBS1;HDAC1;FKBP1A;PMEPA1;SMAD3
prerank,HALLMARK_ADIPOGENESIS,-0.5254422227976584,-1.2895902132682928,0.002004008016032064,0.1052597697410773,0.465,93/196,20.00%,APLP2;C3;APOE;UQCRQ;COL4A1;RAB34;UQCR11;UBC;LPL;COX6A1;PHLDB1;DGAT1;CD151;ATP1B3;HSPB8;STOM;UQCR10;ACOX1;CS;PDCD4;QDPR;DECR1;PEMT;AGPAT3;POR;REEP5;GPAT4;SULT1A1;SCP2;GPAM;MGLL;SOD1;DLD;COX8A;CAT;PTCD3;TST;COL15A1;PFKL;PPM1B;CD302;LPCAT3;COX7B;ABCB8;IFNGR1;SLC19A1;SLC25A1;CAVIN1;MGST3;MYLK;HADH;ARAF;PEX14;ARL4A;ACO2;BCL2L13;ITIH5;PRDX3;MTCH2;SUCLG1;SSPN;ELOVL6;ESRRA;SLC5A6;GPX4;PREB;ATL2;COQ9;ENPP2;NDUFA5;SDHC;LTC4S;DNAJC15;ADCY6;SDHB;SCARB1;NDUFB7;FAH;ELMOD3;RETSAT;CMPK1;DLAT;MDH2;ACADM;YWHAG;CRAT;FZD4;SLC1A5;IDH3G;DBT;IMMT;ME1;DHRS7B
prerank,HALLMARK_NOTCH_SIGNALING,-0.5986932682816052,-1.2845624600494465,0.056583242655059846,0.0989582879562754,0.495,22/32,26.22%,NOTCH3;SKP1;JAG1;HEYL;FZD7;CUL1;KAT2A;CCND1;DTX2;RBX1;WNT5A;PPARD;PSENEN;NOTCH2;PRKCA;MAML2;TCF7L2;ARRB1;FZD1;DLL1;ST3GAL6;HES1
prerank,HALLMARK_MITOTIC_SPINDLE,-0.5065094506563108,-1.2444851907670602,0.01001001001001001,0.1877477587363542,0.791,91/199,23.37%,RANBP9;SPTBN1;PXN;ARAP3;TBCD;BIN1;NEDD9;KLC1;TUBGCP6;FSCN1;ARFIP2;CKAP5;KIF22;ANLN;ARHGAP4;ARHGEF7;CSNK1D;CTTN;ARHGAP27;PLEKHG2;BCAR1;KIFAP3;EZR;MAPRE1;FLNB;MID1;KIF1B;CDC42EP1;TAOK2;MYO1E;MAP1S;RHOT2;STK38L;RASA1;DOCK4;ARHGEF3;CDC42BPA;ATG4B;EPB41L2;CEP57;SSH2;WASL;TPX2;TUBGCP5;SOS1;MYH10;RASAL2;PAFAH1B1;BCR;MYO9B;BIRC5;HDAC6;ARHGDIA;ARHGEF12;CDC27;NOTCH2;ABR;KIF3C;TOP2A;GEMIN4;FGD4;CDC42EP4;CEP131;KPTN;SHROOM1;TUBA4A;PRC1;RABGAP1;MAP3K11;CLIP2;TIAM1;PCNT;CENPF;NUSAP1;NCK2;CDC42;ARHGEF2;AKAP13;KNTC1;ALS2;STAU1;MARK4;DST;RACGAP1;SMC4;CYTH2;LRPPRC;CDK1;RAB3GAP1;KATNB1;CD2AP
prerank,HALLMARK_INTERFERON_ALPHA_RESPONSE,-0.52029367533368,-1.2424328070442905,0.04568527918781726,0.17399976057047473,0.8,50/96,26.90%,CD74;IFITM3;B2M;HLA-C;PSME2;PSMB9;STAT2;IFITM1;IRF7;OGFR;IFI44;TRIM26;IL4R;PSMB8;C1S;TXNIP;LGALS3BP;LPAR6;NUB1;PSME1;IRF2;CASP1;IFITM2;TRAFD1;TAP1;IFI35;CNP;CSF1;ADAR;TMEM140;RNF31;MVB12A;PROCR;ELF1;SLC25A28;TENT5A;ISG20;EIF2AK2;HELZ2;CD47;NMI;LAP3;CMTR1;PARP12;UBA7;MOV10;TRIM25;TRIM14;PARP9;IRF1
prerank,HALLMARK_EPITHELIAL_MESENCHYMAL_TRANSITION,-0.5041750669534856,-1.2380235644037318,0.007007007007007007,0.16758756683133094,0.829,68/199,10.51%,SPARC;NNMT;MGP;COL1A1;THY1;POSTN;COL1A2;TIMP1;COL4A2;COL3A1;PDGFRB;PPIB;GPC1;SERPINH1;DCN;IGFBP4;TAGLN;TNFRSF12A;COL4A1;FN1;PLOD1;MYL9;BGN;SCG2;LUM;ACTA2;LOXL1;TGFB1;COL5A3;TNFRSF11B;COL5A2;SPOCK1;PCOLCE;QSOX1;FSTL1;LAMC1;FBN1;PFN2;HTRA1;COL6A3;CDH6;MMP14;EFEMP2;PDLIM4;MEST;ADAM12;CALD1;CD59;LGALS1;LAMA2;BMP1;THBS1;TPM2;TGM2;P3H1;ECM1;COLGALT1;FGF2;MXRA5;FBLN2;PMEPA1;MMP2;FBLN1;WIPF1;MYLK;EDIL3;CXCL12;GLIPR1
prerank,HALLMARK_INTERFERON_GAMMA_RESPONSE,-0.4986069501246565,-1.232080485525398,0.01701701701701702,0.16946374151960542,0.864,76/196,19.14%,CD74;HLA-DRB1;HLA-DMA;SERPING1;IFITM3;B2M;HLA-A;CFH;CFB;HIF1A;HLA-DQA1;ST8SIA4;CASP3;PSME2;PSMB9;TAPBP;FGL2;PNP;PDE4B;PSMB2;STAT2;IFNAR2;IRF7;OGFR;IFI44;RIPK1;TRIM26;IL4R;PSMB10;LYSMD2;PSMB8;LCP2;C1S;FCGR1A;TXNIP;LGALS3BP;PSME1;VAMP8;HLA-B;C1R;IRF2;NFKB1;CASP1;IFITM2;TRAFD1;TAP1;CIITA;ARL4A;VAMP5;PELI1;SOCS3;PTPN6;IL10RA;NUP93;SSPN;NLRC5;CD40;IFI35;PML;TNFAIP2;CASP4;ADAR;RNF31;SRI;CCL2;VCAM1;RNF213;SLC25A28;NCOA3;BPGM;ISG20;EIF2AK2;HELZ2;CMKLR1;SPPL2A;PSMA2
prerank,HALLMARK_XENOBIOTIC_METABOLISM,-0.4850532194389633,-1.1953493255860166,0.05105105105105105,0.28623969154249085,0.97,87/176,29.74%,APOE;IGFBP4;CFB;EPHX1;NQO1;CA2;CROT;ACOX1;AHCY;ELOVL5;PEMT;ACP1;ASL;NDRG2;GSTO1;BCAR1;POR;ATP2A2;PC;PGD;PSMB10;ALDH9A1;LCAT;GSS;CAT;CDO1;SLC35B1;GSTM4;GSR;BPHL;SAR1B;FBLN1;NFS1;PGRMC1;ACO2;ETS2;TNFRSF1A;ACP2;EPHA2;SERTAD1;PMM1;SLC35D1;SLC12A4;DCXR;NINJ1;JUP;PPARD;ENPEP;FAH;GART;ALAS1;RETSAT;DHPS;PTS;CSAD;MCCC2;SLC46A3;SLC1A5;IL1R1;DHRS1;ABHD6;MPP2;IRF8;CASP6;ACOX2;SMOX;ACOX3;HES6;TKFC;SPINT2;ENTPD5;ALDH2;TPST1;LONP1;PINK1;MAN1A1;UGDH;BLVRB;PAPSS2;TMEM97;TGFB2;TMEM176B;ATOH8;GCLC;CYP27A1;HPRT1;PTGR1
prerank,HALLMARK_BILE_ACID_METABOLISM,-0.4930638594894528,-1.189938415735965,0.11515151515151516,0.2899451588236122,0.976,63/100,37.48%,RBP1;SLC23A2;CROT;GSTK1;IDH2;ALDH1A1;SCP2;SOD1;ALDH9A1;ABCA8;CAT;SLC35B2;DHCR24;SLC29A1;BBOX1;HSD17B4;GCLM;PEX16;ABCD1;ABCA2;IDI1;TFCP2L1;FADS1;PEX26;RETSAT;PEX13;FADS2;ABCA3;SLC27A5;ABCD3;NEDD4;PEX1;GNPAT;EPHX2;FDXR;PEX6;PFKM;EFHC1;ATXN1;ISOC1;PEX12;ABCA6;MLYCD;SLC22A18;CYP27A1;RXRA;CYP46A1;HSD17B11;LONP2;PRDX5;PXMP2;PNPLA8;ACSL1;IDH1;RXRG;APOA1;BCAR3;ACSL5;AMACR;BMP6;NUDT12;DIO2;PECR
prerank,HALLMARK_PROTEIN_SECRETION,-0.4923578513868286,-1.1701507742372619,0.14012096774193547,0.35952569720941985,0.995,55/95,24.80%,GNAS;NAPA;CD63;COPE;TPD52;AP2S1;SNAP23;VPS45;TMED2;SOD1;CLTC;ATP6V1H;KIF1B;GOSR2;SEC22B;CLCN3;GBF1;VAMP7;ERGIC3;USO1;PAM;VAMP4;SSPN;AP3B1;YKT6;CLN5;VPS4B;AP1G1;RAB22A;DNM1L;ARFGAP3;ARCN1;TMED10;STX12;VAMP3;COG2;LAMP2;SEC31A;CAV2;SEC24D;ZW10;BET1;AP3S1;RER1;ARFIP1;MON2;DST;AP2B1;PPT1;KRT18;SCAMP3;IGF2R;DOP1A;ARFGEF1;ARFGEF2
prerank,HALLMARK_ALLOGRAFT_REJECTION,-0.4791986891091187,-1.1688353576258814,0.06920762286860582,0.34300990018499317,0.995,51/184,15.83%,CD74;HLA-DRA;THY1;TIMP1;HLA-DMA;B2M;HLA-A;HLA-DMB;NME1;HIF1A;TGFB1;HLA-DQA1;ST8SIA4;STAB1;ITGB2;HCLS1;APBB1;HLA-E;UBE2N;CCND3;HLA-DOA;TAPBP;IFNGR2;TPD52;CSK;SPI1;IFNAR2;IRF7;F2R;IL4R;PSMB10;LCP2;MMP9;LY86;EIF4G3;IFNGR1;TAP1;LIF;TAP2;PTPN6;CD40;NCF4;ABCE1;CSF1;EIF5A;PTPRC;AKT1;CCL2;ETS1;IKBKB;CTSS
prerank,HALLMARK_E2F_TARGETS,-0.4724334026513072,-1.159147061458495,0.0781563126252505,0.36683666727653436,0.996,120/198,34.44%,NAA38;NME1;UBE2S;TUBB;KPNA2;TP53;JPT1;KIF22;NASP;PTTG1;CDC25B;TUBG1;LBR;ILF3;NBN;RAN;GSPT1;RRM2;PRPS1;XRCC6;STMN1;DCTPP1;DDX39A;MCM5;RFC2;UNG;PRKDC;PPP1R8;TMPO;PDS5B;TACC3;PHF5A;PMS2;MCM4;CTCF;SSRP1;CNOT9;POP7;HMGB2;BIRC5;CSE1L;CBX5;TOP2A;NOLC1;NUP107;SHMT1;POLD1;RPA2;UBR7;HUS1;MCM6;POLD2;ZW10;PA2G4;CKS2;POLE4;RAD51C;SNRPB;DNMT1;RPA3;PCNA;MLH1;MCM7;WDR90;SLBP;MXD3;RACGAP1;SMC4;EED;CDK1;SMC6;TBRG4;RANBP1;HMGB3;LIG1;MAD2L1;EZH2;NUP153;DONSON;MKI67;HNRNPD;KIF4A;PPM1D;SPAG5;LYAR;NUDT21;UBE2T;CDCA3;TK1;MSH2;NCAPD2;CTPS1;TIMELESS;SRSF1;ING3;RPA1;ATAD2;CDKN1B;TCF19;SUV39H1;POLE;ASF1B;CDKN2A;RFC1;RNASEH2A;LMNB1;BRCA1;CDC20;HELLS;CCNB2;EXOSC8;CKS1B;CENPM;PLK1;SRSF2;CDKN2C;PAICS;CDKN1A;SMC3;MCM3
prerank,HALLMARK_PEROXISOME,-0.4797704681069002,-1.1510867187784728,0.1651469098277609,0.38656760502578785,0.999,57/100,28.46%,PRDX1;YWHAH;SLC23A2;FIS1;ACOX1;ECI2;TSPO;ELOVL5;GSTK1;IDH2;ALDH1A1;ABCB1;ACSL4;FDPS;ACOT8;SCP2;SOD1;ALDH9A1;ABCB9;CAT;CTBP1;SLC25A17;SLC35B2;DHCR24;PEX14;HSD17B4;ERCC3;VPS4B;ABCD1;IDI1;FADS1;TOP2A;RETSAT;PEX13;ABCD3;RDH11;CRAT;STS;GNPAT;PEX11B;SLC25A19;EPHX2;IDE;PEX6;CLN8;PEX2;ATXN1;ISOC1;DLG4;ABCC5;HMGCL;MLYCD;CDK7;PEX5;MSH2;MVP;CTPS1
prerank,HALLMARK_FATTY_ACID_METABOLISM,-0.47108404279921,-1.1466212520913917,0.13152610441767068,0.38510319186662423,1.0,90/147,31.30%,XIST;YWHAH;EPHX1;ACADVL;CA2;PRDX6;ACOX1;ECI2;ELOVL5;DECR1;ALDH1A1;NBN;ACSL4;LGALS1;ACOT8;HSD17B10;HMGCS1;APEX1;MGLL;DLD;ALDH9A1;D2HGDH;PSME1;DHCR24;KMT5A;DLST;BPHL;OSTC;FASN;ECI1;HADH;ACO2;HSD17B4;SDHA;SUCLG1;SUCLA2;GCDH;ERP29;CBR3;RAP1GDS1;SDHC;LTC4S;CPOX;NTHL1;IDI1;BLVRA;PDHA1;RETSAT;PTS;ACOT2;ALDH3A2;MDH1;ODC1;BCKDHB;MDH2;ACAT2;G0S2;METAP1;RDH11;ACADM;CRAT;IDH3G;FH;SUCLG2;ME1;ACSS1;ADSL;CRYZ;HSD17B7;ACADS;PDHB;ENO3;ACAA2;GSTZ1;HCCS;HMGCL;UGDH;NSDHL;MLYCD;ADIPOR2;IDH3B;CA4;HSDL2;NCAPH2;SLC22A5;ETFDH;UROS;HSD17B11;BMPR1B;REEP6
prerank,HALLMARK_CHOLESTEROL_HOMEOSTASIS,-0.4916409400897972,-1.142769515177725,0.21362229102167182,0.3829883301288533,1.0,36/73,18.13%,CLU;FABP5;TNFRSF12A;LPL;CXCL16;LSS;GUSB;JAG1;FDFT1;S100A11;FDPS;HMGCS1;GPX8;LGMN;SREBF2;FASN;TP53INP1;HMGCR;ACSS2;CYP51A1;SQLE;SEMA3B;ETHE1;TM7SF2;ABCA2;EBP;STX5;IDI1;MVD;ANTXR2;MVK;FADS2;SC5D;ACAT2;PCYT2;STARD4
prerank,HALLMARK_PI3K_AKT_MTOR_SIGNALING,-0.47147515921685457,-1.1266578619491685,0.21202854230377166,0.44256876257852046,1.0,51/102,28.36%,PFN1;CALR;PIN1;ITPR2;PPP1CA;CFL1;UBE2N;RIT1;STAT2;CXCR4;HSP90B1;ACTR2;PTEN;RIPK1;AKT1S1;CLTC;RPS6KA1;GRK2;MAP2K3;ACACA;ARPC3;TNFRSF1A;MKNK1;AKT1;EIF4E;ARHGDIA;PIK3R3;MAPK10;TBK1;ACTR3;PRKAG1;TIAM1;ATF1;GSK3B;ADCY2;VAV3;SLA;TSC2;RPTOR;CDK1;PIKFYVE;NOD1;MAP3K7;PLA2G12A;PAK4;MAPK9;PPP2R1B;NFKBIB;PLCG1;RALB;THEM4
prerank,HALLMARK_COMPLEMENT,-0.45835935675631817,-1.1263338563000067,0.14944834503510532,0.4229954956917206,1.0,85/190,28.30%,CLU;TIMP1;COL4A2;C3;PFN1;SERPING1;FN1;PRCP;S100A13;CFH;CFB;MT3;CASP3;C1QC;ATOX1;PSMB9;C1QA;CA2;DGKG;MMP14;RHOG;APOC1;CPQ;SH2B3;MSRB1;SCG3;CD59;IRF7;FDX1;TIMP2;NOTCH4;LIPA;LCP2;OLR1;C1S;PLAT;CPM;LGMN;C1R;IRF2;CASP1;CALM3;DOCK4;GNB2;PDGFB;PPP4C;CASP4;ERAP2;CDH13;CTSS;CD46;RABIF;USP15;LAMP2;EHD1;DUSP6;RNF4;PDP1;DOCK10;CTSH;MMP15;ME1;GNAI3;SIRT6;ANXA5;XPNPEP1;LAP3;LTA4H;CASP9;USP16;FCER1G;DOCK9;GNG2;DUSP5;VCPIP1;DYRK2;SERPINA1;PLAUR;IRF1;ADAM9;KIF2A;DGKH;CTSO;ADRA2B;GNB4
prerank,HALLMARK_SPERMATOGENESIS,-0.4720460268260933,-1.1240494614095653,0.22300706357214933,0.4125412815722018,1.0,49/101,40.31%,PCSK1N;SCG5;SCG3;SEPTIN4;NF2;HSPA2;ACE;TSN;MAST2;LPIN1;PEBP1;ARL4A;MTOR;PSMG1;PARP2;PHKG2;CSNK2A2;VDAC3;PGS1;CHFR;GSTM3;SLC12A2;DDX25;CDK1;IDE;ZC3H14;EZH2;MLLT10;GMCL1;JAM3;COIL;TOPBP1;RPL39L;CNIH2;STAM2;DBF4;CCNB2;IFT88;SPATA6;RAD17;PIAS2;TLE4;ZC2HC1C;SHE;TALDO1;CDKN3;CLPB;KIF2C;GRM8
prerank,HALLMARK_MYOGENESIS,-0.45399674011793073,-1.1094804876199966,0.1961961961961962,0.4612791488015217,1.0,48/183,11.66%,SPARC;CLU;SLN;COL1A1;COL4A2;COL3A1;TAGLN;TGFB1;HDAC5;MYO1C;MEF2C;PTP4A3;AGRN;NQO1;BIN1;SH2B1;HSPB8;COL6A3;SYNGR2;PICK1;RIT1;GAA;ADAM12;IGFBP7;COX7A1;LAMA2;FDPS;PC;PDLIM7;TPM2;SMTN;SIRT2;CFD;COL15A1;FGF2;HBEGF;RB1;LPIN1;ATP6AP1;APLNR;PKIA;CAMK2B;MAPRE3;MYLK;SSPN;PLXNB2;MEF2D;HSPB2
prerank,HALLMARK_REACTIVE_OXYGEN_SPECIES_PATHWAY,-0.4904543622068596,-1.1013119887662957,0.3172774869109948,0.4794415306322973,1.0,27/49,15.37%,G6PD;PRDX1;ATOX1;NQO1;SBNO2;NDUFA6;PRDX6;PRDX2;ERCC2;JUNB;PDLIM1;GLRX2;TXNRD2;SOD1;EGLN2;CAT;GSR;TXNRD1;SELENOS;NDUFS2;PTPA;GCLM;HMOX2;GPX4;HHEX;MSRA;FES
prerank,HALLMARK_IL6_JAK_STAT3_SIGNALING,-0.46668001200783205,-1.0985601169898727,0.28790983606557374,0.4729523693358541,1.0,29/83,20.98%,A2M;TNFRSF12A;TGFB1;CD14;IFNGR2;STAT2;IL13RA1;IL6ST;IL4R;HAX1;IFNGR1;TYK2;SOCS3;TNFRSF1A;LTBR;IL17RA;IL17RB;BAK1;ACVR1B;CSF1;IL10RB;ACVRL1;ITGA4;CSF3R;IFNAR1;PDGFC;IL1R1;TNFRSF21;CBL
prerank,HALLMARK_ANDROGEN_RESPONSE,-0.45250883274238984,-1.0727432571805398,0.3242147922998987,0.5753335116023413,1.0,43/97,20.31%,B2M;ANKH;SPCS3;ADRM1;ADAMTS1;CCND3;TPD52;ELOVL5;IQGAP2;UBE2J1;TSC22D1;HMGCS1;XRCC6;ALDH1A3;PLPP1;B4GALT1;CAMKK2;GSR;SRP19;DHCR24;PMEPA1;FKBP5;HMGCR;NCOA4;PGM3;ELK4;MAF;CCND1;ACSL3;CDK6;APPBP2;AKT1;IDI1;SRF;FADS1;RRP12;SEC24D;PA2G4;HSD17B14;MERTK;HOMER2;GNAI3;INSIG1
prerank,HALLMARK_KRAS_SIGNALING_UP,-0.42789205999272084,-1.0581872579105138,0.3433433433433433,0.6231718087545373,1.0,66/192,19.95%,PCSK1N;SERPINA3;PLVAP;ENG;CPE;CFH;CFB;SCG5;ANKH;TMEM158;PECAM1;ITGB2;CA2;CROT;CXCR4;ADGRA2;ABCB1;SCG3;LAT2;LAPTM5;DNMBP;MMP11;PSMB8;MMP9;ALDH1A3;ACE;PLAT;GNG11;ADAM17;HBEGF;MAP3K1;TOR1AIP2;C3AR1;LIF;IL10RA;ST6GAL1;BTBD3;ETV5;SEMA3B;JUP;VWA5A;PRELID3B;GPRC5B;CD37;MPZL2;ANO1;PTBP2;GYPC;RABGAP1L;RBM4;ETS1;TFPI;CTSS;RGS16;TSPAN13;G0S2;BPGM;IGFBP3;DUSP6;FLT4;ETV4;CMKLR1;FUCA1;EPB41L3;GLRX;IRF8
prerank,HALLMARK_G2M_CHECKPOINT,-0.42376284921289775,-1.04145367589454,0.39478957915831664,0.6821297159468777,1.0,114/195,35.82%,HIF1A;TGFB1;UBE2S;KPNA2;JPT1;KIF22;NASP;PTTG1;EWSR1;CDC25B;LBR;CUL4A;ILF3;GSPT1;UPF1;STMN1;DR1;DDX39A;NSD2;MCM5;UCK2;KMT5A;CUL3;LIG3;CBX1;TMPO;CUL1;SFPQ;G3BP1;CHMP1A;SMAD3;PDS5B;E2F4;TACC3;TPX2;CCND1;SQLE;PML;RASAL2;PAFAH1B1;TFDP1;CTCF;PRPF4B;BIRC5;CDC27;ODF2;PRMT5;NOTCH2;TOP2A;NOLC1;MEIS1;RPA2;HUS1;MCM6;ODC1;RBM14;NUP50;PRC1;ORC5;CKS2;NUP98;CENPF;NUSAP1;E2F3;MAPK14;DKC1;SLC12A2;HNRNPU;CUL5;BCL3;RACGAP1;SMC4;HMGN2;CDK1;UBE2C;DTYMK;SS18;SRSF10;HMGB3;MAD2L1;EZH2;MKI67;HNRNPD;KIF4A;BUB3;KPNB1;SLC7A5;SRSF1;PBK;RAD23B;CDKN1B;SUV39H1;MTF2;DBF4;POLE;LMNB1;CDC20;CCNA2;GINS2;CCNB2;CKS1B;PLK1;SRSF2;E2F1;CDKN2C;TENT4A;HIRA;EFNA5;MCM3;FOXN3;KIF23;CCNF;WRN;POLA2
prerank,HALLMARK_MYC_TARGETS_V2,-0.4565063634366306,-1.0377095387515032,0.443169968717414,0.6760039508208329,1.0,29/57,23.58%,NOP16;DCTPP1;MYBBP1A;MCM5;UNG;SLC19A1;TCOF1;SRM;FARSA;MPHOSPH10;MCM4;PES1;NOC4L;PUS1;MAP3K6;NOLC1;RRP12;PPAN;UTP20;IPO4;PA2G4;WDR74;AIMP2;EXOSC5;NIP7;GRWD1;NOP2;TBRG4;LAS1L
prerank,HALLMARK_ANGIOGENESIS,-0.4754516893419158,-1.0281321481158863,0.47310647639956094,0.6966890962438929,1.0,11/34,7.10%,POSTN;TIMP1;COL3A1;LPL;LUM;COL5A2;FSTL1;JAG1;LRPAP1;OLR1;SLCO2A1
prerank,HALLMARK_TNFA_SIGNALING_VIA_NFKB,0.27495739071162145,1.0,1.0,0.42398022249690975,0.283,33/197,3.83%,VEGFA;CD44;IRS2;TNC;ABCA1;SOD2;MARCKS;EIF1;BHLHE40;GADD45A;SERPINE1;PLPP3;MAFF;PPP1R15A;KLF6;SLC2A3;DUSP4;ID2;CEBPB;NFKBIA;BTG1;IFIT2;MCL1;PNRC1;NR4A2;BCL6;LITAF;CXCL3;JUN;F3;PDLIM5;ICAM1;KLF9
prerank,HALLMARK_APOPTOSIS,-0.410897109291848,-0.9979564975451268,0.5376128385155466,0.8034180131298605,1.0,73/156,24.84%,CLU;TIMP1;PDGFRB;DCN;TNFRSF12A;IFITM3;BGN;SLC20A1;LUM;ANKH;CD14;CASP3;NEDD9;LMNA;TSPO;PDCD4;DAP;CDC25B;LEF1;PEA15;F2R;TIMP2;BAX;DPYD;SOD1;TXNIP;PLAT;MGMT;MADD;DAP3;RHOT2;CASP1;GSR;IFNGR1;TAP1;BID;MMP2;DFFA;DNAJC3;CCND1;GPX4;PLCB2;DNM1L;CASP4;BTG3;CYLD;HMGB2;EBP;HSPB1;PPP2R5B;TOP2A;RETSAT;CREBBP;SC5D;ISG20;BTG2;CASP2;HGF;FEZ1;CASP6;PLPPR4;PPT1;FDXR;KRT18;IER3;CASP9;IGF2R;SMAD7;PAK1;ADD1;IL18;CTH;PTK2
prerank,HALLMARK_ESTROGEN_RESPONSE_LATE,-0.4008920462025327,-0.9843757689465206,0.5861723446893787,0.8344145778699354,1.0,78/186,32.36%,FABP5;SERPINA3;COX6C;IGFBP4;CPE;PRSS23;MDK;CHPT1;CA2;HSPB8;ELOVL5;PDCD4;NCOR2;IDH2;NRIP1;METTL3;NBL1;MEST;FDFT1;IL6ST;FLNB;TST;AFF1;XBP1;TPBG;UNC13B;JAK1;FKBP5;SLC29A1;PTPN6;CXCL12;RABEP1;IL17RB;CCND1;DCXR;SEMA3B;BTG3;SNX10;SCARB1;NAB2;TOP2A;TSPAN13;ALDH3A2;ABCA3;AMFR;ISG20;TIAM1;CYP4F11;DNAJC12;ZFP36;HOMER2;GALE;ACOX2;ATP2B4;LARGE1;SLC2A8;ADD3;SCUBE2;SERPINA1;FOXC1;ASS1;UGDH;BLVRB;PAPSS2;OPN3;FARP1;SLC7A5;CELSR2;HPRT1;DNAJC1;SLC22A5;SLC1A4;NXT1;KRT19;ASCL1;RNASEH2A;CDC20;GINS2
prerank,HALLMARK_MTORC1_SIGNALING,-0.39347821317147197,-0.9666224316996085,0.6292585170340681,0.875548187861416,1.0,90/197,20.31%,SERPINH1;ATP5MC1;PPIA;G6PD;CALR;PRDX1;CANX;MLLT11;PSMA4;CORO1A;ITGB2;PSMD13;PSMC2;FGL2;PNP;ELOVL5;SDF2L1;QDPR;TUBG1;RIT1;CXCR4;STIP1;HSP90B1;ACTR2;SLC37A4;SKAP2;ATP2A2;PSMB5;RRM2;HMGCS1;DDX39A;TOMM40;PFKL;COPS5;LGMN;GSR;TXNRD1;DHCR24;UNG;XBP1;MAP2K3;USO1;CCT6A;ABCF2;PSMD12;CCNG1;HMGCR;ACACA;PSME3;CYP51A1;ELOVL6;PSMG1;SQLE;YKT6;CYB5B;PSMD14;MCM4;POLR3G;ACSL3;RAB1A;HMBS;TM7SF2;EBP;IDI1;SSR1;EEF1E1;FADS1;PIK3R3;FADS2;PPA1;PSMC4;TBK1;FKBP2;SC5D;ACTR3;TUBA4A;SLC7A11;RDH11;BTG2;PNO1;SRD5A1;STARD4;HSPA4;SLC1A5;IMMT;GSK3B;ME1;GLRX;PSPH;INSIG1
prerank,HALLMARK_IL2_STAT5_SIGNALING,-0.3899716824772121,-0.9575159707852423,0.6506506506506506,0.8827039140349681,1.0,85/196,26.86%,IFITM3;MYO1C;CASP3;CTSZ;CA2;COL6A1;CCND3;FURIN;FGL2;SYNGR2;PNP;AHCY;SPRY4;ABCB1;GSTO1;IL4R;TGM2;ADAM19;UCK2;ECM1;PLPP1;ITGAE;MYO1E;CKAP4;TWSG1;IFNGR1;CD81;XBP1;PRAF2;MAPKAPK2;ST3GAL4;ANXA4;ARL4A;LIF;CYFIP1;ITIH5;SWAP70;IL10RA;CAPN3;GPX4;SERPINB6;CDC42SE2;GUCY1B1;CSF1;ENPP1;PUS1;PTH1R;AHR;AGER;RABGAP1L;FAH;MAP6;RGS16;PTRH2;ODC1;GLIPR2;NCOA3;LCLAT1;PHTF2;TIAM1;TNFRSF18;ETV4;SLC1A5;P2RX4;BMPR2;TNFRSF21;IRF8;NFKBIZ;SPRED2;APLP1;TLR7;DENND5A;NOP2;EEF1AKMT1;IGF2R;CD86;RNH1;HUWE1;ENO3;SNX14;TTC39B;GADD45B;BATF3;PLAGL1;DCPS
prerank,HALLMARK_P53_PATHWAY,-0.387556670442331,-0.9488851496009185,0.6836836836836837,0.8864751682218293,1.0,74/193,19.80%,TCN2;TGFB1;TRAF4;MXD4;EPHX1;HINT1;IER5;CEBPA;STOM;TP53;CCND3;KIF13B;HDAC3;ISCU;ABHD4;COQ8A;F2R;TSC22D1;BAX;SEC61A1;TXNIP;VAMP8;HBEGF;RB1;CASP1;CD81;TRAFD1;RHBDF2;TAP1;SERTAD3;MAPKAPK3;CCNG1;LIF;PLXNB2;EPHA2;TM7SF3;BLCAP;PMM1;SLC35D1;HEXIM1;DCXR;BAK1;NINJ1;ACVR1B;VWA5A;DEF6;WRAP73;TSPYL2;CDH13;GM2A;PTPRE;CTSF;TAX1BP3;PRMT2;POM121;PROCR;TM4SF1;RAD9A;RETSAT;RGS16;ERCC5;PIDD1;FBXW7;SLC7A11;BTG2;ADA;ZNF365;XPC;RAD51C;CCNK;PCNA;AEN;FUCA1;PLK2
prerank,HALLMARK_UV_RESPONSE_UP,-0.38509700692387916,-0.9389270625103933,0.6891348088531187,0.893115610579171,1.0,52/153,20.67%,HYAL2;SELENOW;HLA-F;CASP3;EPHX1;DGAT1;CA2;CCND3;FURIN;MMP14;AP2S1;MRPL23;JUNB;GLS;ARRB2;STIP1;ABCB1;CLTB;KLHDC3;CYB5R1;SULT1A1;IL6ST;HSPA2;CDO1;TST;GGH;STARD3;GRINA;TAP1;NPTXR;BID;PSMC3;RXRB;PRKACA;YKT6;CYB5B;BAK1;CNP;PARP2;AGO2;BTG3;IGFBP2;ALAS1;TYRO3;TUBA4A;BTG2;WIZ;MSX1;CDC5L;FEN1;MARK2;HNRNPU
prerank,HALLMARK_UNFOLDED_PROTEIN_RESPONSE,-0.3928595751370402,-0.9317544894997114,0.6991951710261569,0.8906946832177057,1.0,64/109,31.06%,SHC1;PDIA6;CALR;SPCS3;FUS;HYOU1;EIF4A1;ARFGAP1;HERPUD1;HSP90B1;YWHAZ;ALDH18A1;EIF4G1;EXOSC4;GOSR2;XBP1;ATP6V0D1;DCTN1;DNAJC3;ZBTB17;LSM1;PREB;IMP3;EXOSC1;KDELR3;ATF6;WIPI1;EIF4E;TSPYL2;CCL2;CXXC1;SSR1;DCP2;SRPRA;GEMIN4;MTREX;NOLC1;SEC31A;SLC30A5;EXOSC10;EXOSC5;PARN;DKC1;FKBP14;KHSRP;EDC4;PAIP1;PDIA5;POP4;EXOSC2;EIF2AK3;NFYA;HSPA9;EXOSC9;SDAD1;RRP9;CEBPG;SLC7A5;NHP2;NFYB;ERN1;SLC1A4;STC2;SRPRB
prerank,HALLMARK_INFLAMMATORY_RESPONSE,-0.3739631624989413,-0.9173759896170425,0.765,0.9081892387246704,1.0,63/193,28.84%,TIMP1;HIF1A;CD14;SLC4A4;STAB1;ADRM1;TAPBP;IFNGR2;MMP14;RHOG;CX3CL1;PDE4B;IFITM1;IRF7;AXL;ATP2A2;IL4R;CALCRL;LCP2;OLR1;HBEGF;KIF1B;NFKB1;SELENOS;APLNR;TPBG;CYBB;C3AR1;LIF;IL10RA;CD40;ACVR1B;CSF1;SRI;CCL2;PTPRE;AHR;RGS16;CSF3R;IFNAR1;BTG2;EIF2AK2;CMKLR1;IL1R1;P2RX4;GNAI3;NMI;LDLR;TNFAIP6;ITGA5;IL18;PVR;IRAK2;RELA;PLAUR;IRF1;NAMPT;RGS1;SLC31A2;SCARF1;ATP2B1;GPC3;SPHK1
prerank,HALLMARK_HEME_METABOLISM,-0.3624475733156768,-0.8872705807381438,0.814629258517034,0.9572232569122244,1.0,87/181,33.13%,C3;ADD2;HAGH;CA2;PGLS;MBOAT2;CCND3;PICALM;PRDX2;GLRX5;PC;CAT;XPO7;PSMD9;OSBP2;NARF;CLCN3;HTRA2;LMO2;MGST3;PIGQ;MAP2K3;YPEL5;DCAF11;NCOA4;SIDT2;SYNJ1;GCLM;RBM38;HMBS;CPOX;NNT;BMP2K;TMEM9B;BLVRA;ARHGEF12;CDC27;SELENBP1;KHNYN;PPP2R5B;GYPC;USP15;LAMP2;DCUN1D1;BPGM;SLC7A11;BTG2;RNF19A;MKRN1;LRP10;IGSF3;P4HA2;MPP1;NEK7;BCAM;SMOX;BTRC;ADD1;MARK3;CDR2;PPOX;MINPP1;UCP2;TSPAN5;CTNS;VEZF1;EIF2AK1;GDE1;SLC25A38;SLC66A2;BLVRB;ATG4A;SNCA;SLC22A4;EZH1;GCLC;FBXO9;ADIPOR1;HEBP1;UROS;RAD23A;ISCA1;FOXJ2;KLF3;SLC30A1;RANBP10;ABCG2
prerank,HALLMARK_KRAS_SIGNALING_DN,-0.36289424273633253,-0.882977114213591,0.807035175879397,0.9420351283771421,1.0,48/151,38.31%,PTPRJ;COPZ2;IDUA;MAST3;COQ8A;SPHK2;SKIL;CCDC106;CAMK1D;KMT2D;SNN;TENM2;MTHFR;TFCP2L1;IGFBP2;P2RX6;CLSTN3;VPS50;EFHD1;BTG2;FGGY;SLC38A3;THNSL2;KLHDC8A;GPRC5C;DTNB;MYH7;PDK2;KCNMB1;PRODH;CELSR2;TGFB2;NUDT11;SELENOP;GTF3C5;BMPR1B;SHOX2;GAMT;ZBTB16;GPR19;RGS11;ARPP21;CDKAL1;GRID2;ASB7;EDN1;ZC2HC1C;YPEL1
prerank,HALLMARK_UV_RESPONSE_DN,-0.35361165841513476,-0.863084675837598,0.8259557344064387,0.9565546146404929,1.0,59/144,25.28%,COL1A1;COL1A2;COL3A1;PDGFRB;EFEMP1;COL5A2;ADGRL2;LAMC1;TGFBR2;SDC2;DLC1;MAP2K5;PTEN;ID1;ANXA2;APBB2;MGLL;MGMT;NFKB1;MTA1;ANXA4;PEX14;CDK13;CDC42BPA;SMAD3;MAGI2;PIK3CD;ARHGEF9;DYRK1A;PIAS3;VAV2;SRI;GRK5;TJP1;SCN8A;NOTCH2;PIK3R3;TFPI;DAB2;PRKCA;RGS4;DUSP1;FHL2;BCKDHB;ATRN;FZD2;MAPK14;INSIG1;NEK7;LDLR;AGGF1;ATP2B4;SMAD7;RUNX1;DBP;SNAI2;ADD3;ATXN1;INPP4B
prerank,HALLMARK_WNT_BETA_CATENIN_SIGNALING,-0.3880445162330908,-0.8534460756310875,0.777542372881356,0.949271595365393,1.0,26/41,32.40%,HDAC5;TP53;NCOR2;JAG1;LEF1;NOTCH4;ADAM17;CUL1;KAT2A;NUMB;PPARD;DVL2;FZD1;MAML1;DLL1;JAG2;NCSTN;SKP2;HEY2;CSNK1E;HDAC2;AXIN2;PSEN2;GNAI1;NOTCH1;AXIN1
prerank,HALLMARK_GLYCOLYSIS,-0.33469700913342604,-0.8166169949529873,0.926,0.975968377652747,1.0,72/190,20.85%,GPC1;DCN;CHPF;PLOD1;PKM;PPIA;G6PD;CAPN5;QSOX1;B3GAT3;PYGB;AGRN;ALDH7A1;PGLS;SDC2;NASP;IDUA;GUSB;CXCR4;IL13RA1;MED24;SLC37A4;PC;PRPS1;SOD1;STMN1;DLD;ALDH9A1;HAX1;B4GALT1;EXT2;CHPF2;TPBG;PAM;B4GALT2;MPI;B4GALT7;GOT2;GMPPA;AKR1A1;FUT8;GALK1;POLR3K;NDUFV3;GLCE;SDHC;B3GALT6;KDELR3;HS2ST1;XYLT2;ECD;COG2;SLC25A13;PSMC4;SLC35A3;MDH1;MDH2;ISG20;IGFBP3;ME2;ALG1;MERTK;CHST12;ME1;GLRX;SDC3;CASP6;COL5A1;RBCK1;P4HA2;STC1;GALE
prerank,HALLMARK_ESTROGEN_RESPONSE_EARLY,-0.327078150603926,-0.8017152112704443,0.944,0.9701169467437687,1.0,73/192,31.50%,IGFBP4;OLFML3;PRSS23;CHPT1;ELOVL2;HSPB8;ELOVL5;NCOR2;NRIP1;NBL1;DLC1;FDFT1;MED24;IL6ST;TGM2;MYBBP1A;FLNB;B4GALT1;AFF1;XBP1;TPBG;FASN;SLC39A6;FKBP5;UNC119;CXCL12;NADSYN1;AKAP1;IL17RB;CCND1;SEMA3B;MREG;TMEM164;TSKU;SCARB1;CANT1;ELF1;SYNGR1;RRP12;ABCA3;FHL2;AMFR;TIAM1;INPP5F;GREB1;SEC14L2;MED13L;CLDN7;KRT18;ISG20L2;ADD3;KRT8;RARA;HES1;FOXC1;MAST4;SYBU;SLC1A1;BLVRB;PAPSS2;OPN3;FARP1;SLC7A5;CELSR2;ASB13;SLC22A5;SLC1A4;NXT1;ADCY1;RASGRP1;STC2;MINDY1;KRT19
prerank,HALLMARK_APICAL_SURFACE,-0.3552165925822128,-0.7772458682393524,0.8699360341151386,0.9713836541914849,1.0,10/39,16.16%,THY1;CX3CL1;MDGA1;CROCC;B4GALT1;EPHB4;HSPB1;GAS1;NCOA6;FLOT2
prerank,HALLMARK_PANCREAS_BETA_CELLS,-0.36228279111943285,-0.7627420373409376,0.8694714131607335,0.9612128588386175,1.0,8/30,31.06%,SRP14;LMO2;ELP4;INSM1;STXBP1;MAFB;PAX6;SRPRB
prerank,HALLMARK_MYC_TARGETS_V1,-0.30690397478717696,-0.7539005156988706,0.9718592964824121,0.94618934357911,1.0,70/195,19.55%,NME1;PPIA;SNRPG;CANX;PSMA4;HNRNPA2B1;PSMB3;KPNA2;PSMA1;SRSF7;SNRPD3;LSM7;YWHAQ;EIF4A1;MRPL23;NOP16;ACP1;CCT3;PSMB2;RAN;PPM1G;PSMD3;GSPT1;APEX1;XRCC6;COX5A;MCM5;COPS5;SSBP1;UBE2L3;C1QBP;SRM;TOMM70;GLO1;CUL1;G3BP1;PRDX3;GOT2;CCT5;CLNS1A;VBP1;TUFM;PSMD14;MCM4;ERH;TFDP1;ABCE1;PSMD8;ILF2;CCT7;TYMS;DHX15;EIF4E;HNRNPR;CAD;VDAC3;NOLC1;PSMC4;MCM6;ODC1;POLD2;PA2G4;HNRNPA3;AP3S1;AIMP2;EIF3B;PSMA2;NCBP1;PCNA;SNRPA1
